PJ001,31123123,432423,214214,2025-10-23,2025-10-23,Selesai
PJ002,31123123,432423,4214,2025-10-23,2025-10-23,Selesai
PJ003,31123123,312321,Bekasi,2025-10-23,2025-10-23,Selesai
PJ004,9301931,312321,Banding,2025-10-23,2025-10-23,Selesai
PJ005,412421,312321,mana,2025-10-23,2025-10-23,Selesai
PJ006,412421,312321,mana,2025-10-23,2025-10-23,Selesai
PJ007,2131,3123,Bekaso,2025-10-23,2025-10-23,Selesai
PJ008,9301931,3123124,Jakarya,2025-10-23,2025-10-23,Selesai
PJ009,9301931,3123124,RRRR,2025-10-23,2025-10-23,Selesai
PJ010,412421,3123124,APP,2025-10-23,2025-10-23,Selesai
PJ011,2131,3123124,ADadas,2025-10-23,null,Berlangsung
